,Survived,Sex,Age,SibSp,Parch,Fare,Full_port_name,Port_enum
0,0,male,22.0,1,0,7.25, Southampton,2
1,1,female,38.0,1,0,71.2833, Cherbourg,0
2,1,female,26.0,0,0,7.925, Southampton,2
3,1,female,35.0,1,0,53.1, Southampton,2
4,0,male,35.0,0,0,8.05, Southampton,2
5,0,male,29.69911764705882,0,0,8.4583, Queenstown,1
6,0,male,54.0,0,0,51.8625, Southampton,2
7,0,male,2.0,3,1,21.075, Southampton,2
8,1,female,27.0,0,2,11.1333, Southampton,2
9,1,female,14.0,1,0,30.0708, Cherbourg,0
10,1,female,4.0,1,1,16.7, Southampton,2
11,1,female,58.0,0,0,26.55, Southampton,2
12,0,male,20.0,0,0,8.05, Southampton,2
13,0,male,39.0,1,5,31.275, Southampton,2
14,0,female,14.0,0,0,7.8542, Southampton,2
15,1,female,55.0,0,0,16.0, Southampton,2
16,0,male,2.0,4,1,29.125, Queenstown,1
17,1,male,29.69911764705882,0,0,13.0, Southampton,2
18,0,female,31.0,1,0,18.0, Southampton,2
19,1,female,29.69911764705882,0,0,7.225, Cherbourg,0
20,0,male,35.0,0,0,26.0, Southampton,2
21,1,male,34.0,0,0,13.0, Southampton,2
22,1,female,15.0,0,0,8.0292, Queenstown,1
23,1,male,28.0,0,0,35.5, Southampton,2
24,0,female,8.0,3,1,21.075, Southampton,2
25,1,female,38.0,1,5,31.3875, Southampton,2
26,0,male,29.69911764705882,0,0,7.225, Cherbourg,0
27,0,male,19.0,3,2,263.0, Southampton,2
28,1,female,29.69911764705882,0,0,7.8792, Queenstown,1
29,0,male,29.69911764705882,0,0,7.8958, Southampton,2
30,0,male,40.0,0,0,27.7208, Cherbourg,0
31,1,female,29.69911764705882,1,0,146.5208, Cherbourg,0
32,1,female,29.69911764705882,0,0,7.75, Queenstown,1
33,0,male,66.0,0,0,10.5, Southampton,2
34,0,male,28.0,1,0,82.1708, Cherbourg,0
35,0,male,42.0,1,0,52.0, Southampton,2
36,1,male,29.69911764705882,0,0,7.2292, Cherbourg,0
37,0,male,21.0,0,0,8.05, Southampton,2
38,0,female,18.0,2,0,18.0, Southampton,2
39,1,female,14.0,1,0,11.2417, Cherbourg,0
40,0,female,40.0,1,0,9.475, Southampton,2
41,0,female,27.0,1,0,21.0, Southampton,2
42,0,male,29.69911764705882,0,0,7.8958, Cherbourg,0
43,1,female,3.0,1,2,41.5792, Cherbourg,0
44,1,female,19.0,0,0,7.8792, Queenstown,1
45,0,male,29.69911764705882,0,0,8.05, Southampton,2
46,0,male,29.69911764705882,1,0,15.5, Queenstown,1
47,1,female,29.69911764705882,0,0,7.75, Queenstown,1
48,0,male,29.69911764705882,2,0,21.6792, Cherbourg,0
49,0,female,18.0,1,0,17.8, Southampton,2
50,0,male,7.0,4,1,39.6875, Southampton,2
51,0,male,21.0,0,0,7.8, Southampton,2
52,1,female,49.0,1,0,76.7292, Cherbourg,0
53,1,female,29.0,1,0,26.0, Southampton,2
54,0,male,65.0,0,1,61.9792, Cherbourg,0
55,1,male,29.69911764705882,0,0,35.5, Southampton,2
56,1,female,21.0,0,0,10.5, Southampton,2
57,0,male,28.5,0,0,7.2292, Cherbourg,0
58,1,female,5.0,1,2,27.75, Southampton,2
59,0,male,11.0,5,2,46.9, Southampton,2
60,0,male,22.0,0,0,7.2292, Cherbourg,0
62,0,male,45.0,1,0,83.475, Southampton,2
63,0,male,4.0,3,2,27.9, Southampton,2
64,0,male,29.69911764705882,0,0,27.7208, Cherbourg,0
65,1,male,29.69911764705882,1,1,15.2458, Cherbourg,0
66,1,female,29.0,0,0,10.5, Southampton,2
67,0,male,19.0,0,0,8.1583, Southampton,2
68,1,female,17.0,4,2,7.925, Southampton,2
69,0,male,26.0,2,0,8.6625, Southampton,2
70,0,male,32.0,0,0,10.5, Southampton,2
71,0,female,16.0,5,2,46.9, Southampton,2
72,0,male,21.0,0,0,73.5, Southampton,2
73,0,male,26.0,1,0,14.4542, Cherbourg,0
74,1,male,32.0,0,0,56.4958, Southampton,2
75,0,male,25.0,0,0,7.65, Southampton,2
76,0,male,29.69911764705882,0,0,7.8958, Southampton,2
77,0,male,29.69911764705882,0,0,8.05, Southampton,2
78,1,male,0.83,0,2,29.0, Southampton,2
79,1,female,30.0,0,0,12.475, Southampton,2
80,0,male,22.0,0,0,9.0, Southampton,2
81,1,male,29.0,0,0,9.5, Southampton,2
82,1,female,29.69911764705882,0,0,7.7875, Queenstown,1
83,0,male,28.0,0,0,47.1, Southampton,2
84,1,female,17.0,0,0,10.5, Southampton,2
85,1,female,33.0,3,0,15.85, Southampton,2
86,0,male,16.0,1,3,34.375, Southampton,2
87,0,male,29.69911764705882,0,0,8.05, Southampton,2
88,1,female,23.0,3,2,263.0, Southampton,2
89,0,male,24.0,0,0,8.05, Southampton,2
90,0,male,29.0,0,0,8.05, Southampton,2
91,0,male,20.0,0,0,7.8542, Southampton,2
92,0,male,46.0,1,0,61.175, Southampton,2
93,0,male,26.0,1,2,20.575, Southampton,2
94,0,male,59.0,0,0,7.25, Southampton,2
95,0,male,29.69911764705882,0,0,8.05, Southampton,2
96,0,male,71.0,0,0,34.6542, Cherbourg,0
97,1,male,23.0,0,1,63.3583, Cherbourg,0
98,1,female,34.0,0,1,23.0, Southampton,2
99,0,male,34.0,1,0,26.0, Southampton,2
100,0,female,28.0,0,0,7.8958, Southampton,2
101,0,male,29.69911764705882,0,0,7.8958, Southampton,2
102,0,male,21.0,0,1,77.2875, Southampton,2
103,0,male,33.0,0,0,8.6542, Southampton,2
104,0,male,37.0,2,0,7.925, Southampton,2
105,0,male,28.0,0,0,7.8958, Southampton,2
106,1,female,21.0,0,0,7.65, Southampton,2
107,1,male,29.69911764705882,0,0,7.775, Southampton,2
108,0,male,38.0,0,0,7.8958, Southampton,2
109,1,female,29.69911764705882,1,0,24.15, Queenstown,1
110,0,male,47.0,0,0,52.0, Southampton,2
111,0,female,14.5,1,0,14.4542, Cherbourg,0
112,0,male,22.0,0,0,8.05, Southampton,2
113,0,female,20.0,1,0,9.825, Southampton,2
114,0,female,17.0,0,0,14.4583, Cherbourg,0
115,0,male,21.0,0,0,7.925, Southampton,2
116,0,male,70.5,0,0,7.75, Queenstown,1
117,0,male,29.0,1,0,21.0, Southampton,2
118,0,male,24.0,0,1,247.5208, Cherbourg,0
119,0,female,2.0,4,2,31.275, Southampton,2
120,0,male,21.0,2,0,73.5, Southampton,2
121,0,male,29.69911764705882,0,0,8.05, Southampton,2
122,0,male,32.5,1,0,30.0708, Cherbourg,0
123,1,female,32.5,0,0,13.0, Southampton,2
124,0,male,54.0,0,1,77.2875, Southampton,2
125,1,male,12.0,1,0,11.2417, Cherbourg,0
126,0,male,29.69911764705882,0,0,7.75, Queenstown,1
127,1,male,24.0,0,0,7.1417, Southampton,2
128,1,female,29.69911764705882,1,1,22.3583, Cherbourg,0
129,0,male,45.0,0,0,6.975, Southampton,2
130,0,male,33.0,0,0,7.8958, Cherbourg,0
131,0,male,20.0,0,0,7.05, Southampton,2
132,0,female,47.0,1,0,14.5, Southampton,2
133,1,female,29.0,1,0,26.0, Southampton,2
134,0,male,25.0,0,0,13.0, Southampton,2
135,0,male,23.0,0,0,15.0458, Cherbourg,0
136,1,female,19.0,0,2,26.2833, Southampton,2
137,0,male,37.0,1,0,53.1, Southampton,2
138,0,male,16.0,0,0,9.2167, Southampton,2
139,0,male,24.0,0,0,79.2, Cherbourg,0
140,0,female,29.69911764705882,0,2,15.2458, Cherbourg,0
141,1,female,22.0,0,0,7.75, Southampton,2
142,1,female,24.0,1,0,15.85, Southampton,2
143,0,male,19.0,0,0,6.75, Queenstown,1
144,0,male,18.0,0,0,11.5, Southampton,2
145,0,male,19.0,1,1,36.75, Southampton,2
146,1,male,27.0,0,0,7.7958, Southampton,2
147,0,female,9.0,2,2,34.375, Southampton,2
148,0,male,36.5,0,2,26.0, Southampton,2
149,0,male,42.0,0,0,13.0, Southampton,2
150,0,male,51.0,0,0,12.525, Southampton,2
151,1,female,22.0,1,0,66.6, Southampton,2
152,0,male,55.5,0,0,8.05, Southampton,2
153,0,male,40.5,0,2,14.5, Southampton,2
154,0,male,29.69911764705882,0,0,7.3125, Southampton,2
155,0,male,51.0,0,1,61.3792, Cherbourg,0
156,1,female,16.0,0,0,7.7333, Queenstown,1
157,0,male,30.0,0,0,8.05, Southampton,2
158,0,male,29.69911764705882,0,0,8.6625, Southampton,2
159,0,male,29.69911764705882,8,2,69.55, Southampton,2
160,0,male,44.0,0,1,16.1, Southampton,2
161,1,female,40.0,0,0,15.75, Southampton,2
162,0,male,26.0,0,0,7.775, Southampton,2
163,0,male,17.0,0,0,8.6625, Southampton,2
164,0,male,1.0,4,1,39.6875, Southampton,2
165,1,male,9.0,0,2,20.525, Southampton,2
166,1,female,29.69911764705882,0,1,55.0, Southampton,2
167,0,female,45.0,1,4,27.9, Southampton,2
168,0,male,29.69911764705882,0,0,25.925, Southampton,2
169,0,male,28.0,0,0,56.4958, Southampton,2
170,0,male,61.0,0,0,33.5, Southampton,2
171,0,male,4.0,4,1,29.125, Queenstown,1
172,1,female,1.0,1,1,11.1333, Southampton,2
173,0,male,21.0,0,0,7.925, Southampton,2
174,0,male,56.0,0,0,30.6958, Cherbourg,0
175,0,male,18.0,1,1,7.8542, Southampton,2
176,0,male,29.69911764705882,3,1,25.4667, Southampton,2
177,0,female,50.0,0,0,28.7125, Cherbourg,0
178,0,male,30.0,0,0,13.0, Southampton,2
179,0,male,36.0,0,0,0.0, Southampton,2
180,0,female,29.69911764705882,8,2,69.55, Southampton,2
181,0,male,29.69911764705882,0,0,15.05, Cherbourg,0
182,0,male,9.0,4,2,31.3875, Southampton,2
183,1,male,1.0,2,1,39.0, Southampton,2
184,1,female,4.0,0,2,22.025, Southampton,2
185,0,male,29.69911764705882,0,0,50.0, Southampton,2
186,1,female,29.69911764705882,1,0,15.5, Queenstown,1
187,1,male,45.0,0,0,26.55, Southampton,2
188,0,male,40.0,1,1,15.5, Queenstown,1
189,0,male,36.0,0,0,7.8958, Southampton,2
190,1,female,32.0,0,0,13.0, Southampton,2
191,0,male,19.0,0,0,13.0, Southampton,2
192,1,female,19.0,1,0,7.8542, Southampton,2
193,1,male,3.0,1,1,26.0, Southampton,2
194,1,female,44.0,0,0,27.7208, Cherbourg,0
195,1,female,58.0,0,0,146.5208, Cherbourg,0
196,0,male,29.69911764705882,0,0,7.75, Queenstown,1
197,0,male,42.0,0,1,8.4042, Southampton,2
198,1,female,29.69911764705882,0,0,7.75, Queenstown,1
199,0,female,24.0,0,0,13.0, Southampton,2
200,0,male,28.0,0,0,9.5, Southampton,2
201,0,male,29.69911764705882,8,2,69.55, Southampton,2
202,0,male,34.0,0,0,6.4958, Southampton,2
203,0,male,45.5,0,0,7.225, Cherbourg,0
204,1,male,18.0,0,0,8.05, Southampton,2
205,0,female,2.0,0,1,10.4625, Southampton,2
206,0,male,32.0,1,0,15.85, Southampton,2
207,1,male,26.0,0,0,18.7875, Cherbourg,0
208,1,female,16.0,0,0,7.75, Queenstown,1
209,1,male,40.0,0,0,31.0, Cherbourg,0
210,0,male,24.0,0,0,7.05, Southampton,2
211,1,female,35.0,0,0,21.0, Southampton,2
212,0,male,22.0,0,0,7.25, Southampton,2
213,0,male,30.0,0,0,13.0, Southampton,2
214,0,male,29.69911764705882,1,0,7.75, Queenstown,1
215,1,female,31.0,1,0,113.275, Cherbourg,0
216,1,female,27.0,0,0,7.925, Southampton,2
217,0,male,42.0,1,0,27.0, Southampton,2
218,1,female,32.0,0,0,76.2917, Cherbourg,0
219,0,male,30.0,0,0,10.5, Southampton,2
220,1,male,16.0,0,0,8.05, Southampton,2
221,0,male,27.0,0,0,13.0, Southampton,2
222,0,male,51.0,0,0,8.05, Southampton,2
223,0,male,29.69911764705882,0,0,7.8958, Southampton,2
224,1,male,38.0,1,0,90.0, Southampton,2
225,0,male,22.0,0,0,9.35, Southampton,2
226,1,male,19.0,0,0,10.5, Southampton,2
227,0,male,20.5,0,0,7.25, Southampton,2
228,0,male,18.0,0,0,13.0, Southampton,2
229,0,female,29.69911764705882,3,1,25.4667, Southampton,2
230,1,female,35.0,1,0,83.475, Southampton,2
231,0,male,29.0,0,0,7.775, Southampton,2
232,0,male,59.0,0,0,13.5, Southampton,2
233,1,female,5.0,4,2,31.3875, Southampton,2
234,0,male,24.0,0,0,10.5, Southampton,2
235,0,female,29.69911764705882,0,0,7.55, Southampton,2
236,0,male,44.0,1,0,26.0, Southampton,2
237,1,female,8.0,0,2,26.25, Southampton,2
238,0,male,19.0,0,0,10.5, Southampton,2
239,0,male,33.0,0,0,12.275, Southampton,2
240,0,female,29.69911764705882,1,0,14.4542, Cherbourg,0
241,1,female,29.69911764705882,1,0,15.5, Queenstown,1
242,0,male,29.0,0,0,10.5, Southampton,2
243,0,male,22.0,0,0,7.125, Southampton,2
244,0,male,30.0,0,0,7.225, Cherbourg,0
245,0,male,44.0,2,0,90.0, Queenstown,1
246,0,female,25.0,0,0,7.775, Southampton,2
247,1,female,24.0,0,2,14.5, Southampton,2
248,1,male,37.0,1,1,52.5542, Southampton,2
249,0,male,54.0,1,0,26.0, Southampton,2
250,0,male,29.69911764705882,0,0,7.25, Southampton,2
251,0,female,29.0,1,1,10.4625, Southampton,2
252,0,male,62.0,0,0,26.55, Southampton,2
253,0,male,30.0,1,0,16.1, Southampton,2
254,0,female,41.0,0,2,20.2125, Southampton,2
255,1,female,29.0,0,2,15.2458, Cherbourg,0
256,1,female,29.69911764705882,0,0,79.2, Cherbourg,0
257,1,female,30.0,0,0,86.5, Southampton,2
258,1,female,35.0,0,0,512.3292, Cherbourg,0
259,1,female,50.0,0,1,26.0, Southampton,2
260,0,male,29.69911764705882,0,0,7.75, Queenstown,1
261,1,male,3.0,4,2,31.3875, Southampton,2
262,0,male,52.0,1,1,79.65, Southampton,2
263,0,male,40.0,0,0,0.0, Southampton,2
264,0,female,29.69911764705882,0,0,7.75, Queenstown,1
265,0,male,36.0,0,0,10.5, Southampton,2
266,0,male,16.0,4,1,39.6875, Southampton,2
267,1,male,25.0,1,0,7.775, Southampton,2
268,1,female,58.0,0,1,153.4625, Southampton,2
269,1,female,35.0,0,0,135.6333, Southampton,2
270,0,male,29.69911764705882,0,0,31.0, Southampton,2
271,1,male,25.0,0,0,0.0, Southampton,2
272,1,female,41.0,0,1,19.5, Southampton,2
273,0,male,37.0,0,1,29.7, Cherbourg,0
274,1,female,29.69911764705882,0,0,7.75, Queenstown,1
275,1,female,63.0,1,0,77.9583, Southampton,2
276,0,female,45.0,0,0,7.75, Southampton,2
277,0,male,29.69911764705882,0,0,0.0, Southampton,2
278,0,male,7.0,4,1,29.125, Queenstown,1
279,1,female,35.0,1,1,20.25, Southampton,2
280,0,male,65.0,0,0,7.75, Queenstown,1
281,0,male,28.0,0,0,7.8542, Southampton,2
282,0,male,16.0,0,0,9.5, Southampton,2
283,1,male,19.0,0,0,8.05, Southampton,2
284,0,male,29.69911764705882,0,0,26.0, Southampton,2
285,0,male,33.0,0,0,8.6625, Cherbourg,0
286,1,male,30.0,0,0,9.5, Southampton,2
287,0,male,22.0,0,0,7.8958, Southampton,2
288,1,male,42.0,0,0,13.0, Southampton,2
289,1,female,22.0,0,0,7.75, Queenstown,1
290,1,female,26.0,0,0,78.85, Southampton,2
291,1,female,19.0,1,0,91.0792, Cherbourg,0
292,0,male,36.0,0,0,12.875, Cherbourg,0
293,0,female,24.0,0,0,8.85, Southampton,2
294,0,male,24.0,0,0,7.8958, Southampton,2
295,0,male,29.69911764705882,0,0,27.7208, Cherbourg,0
296,0,male,23.5,0,0,7.2292, Cherbourg,0
297,0,female,2.0,1,2,151.55, Southampton,2
298,1,male,29.69911764705882,0,0,30.5, Southampton,2
299,1,female,50.0,0,1,247.5208, Cherbourg,0
300,1,female,29.69911764705882,0,0,7.75, Queenstown,1
301,1,male,29.69911764705882,2,0,23.25, Queenstown,1
302,0,male,19.0,0,0,0.0, Southampton,2
303,1,female,29.69911764705882,0,0,12.35, Queenstown,1
304,0,male,29.69911764705882,0,0,8.05, Southampton,2
305,1,male,0.92,1,2,151.55, Southampton,2
306,1,female,29.69911764705882,0,0,110.8833, Cherbourg,0
307,1,female,17.0,1,0,108.9, Cherbourg,0
308,0,male,30.0,1,0,24.0, Cherbourg,0
309,1,female,30.0,0,0,56.9292, Cherbourg,0
310,1,female,24.0,0,0,83.1583, Cherbourg,0
311,1,female,18.0,2,2,262.375, Cherbourg,0
312,0,female,26.0,1,1,26.0, Southampton,2
313,0,male,28.0,0,0,7.8958, Southampton,2
314,0,male,43.0,1,1,26.25, Southampton,2
315,1,female,26.0,0,0,7.8542, Southampton,2
316,1,female,24.0,1,0,26.0, Southampton,2
317,0,male,54.0,0,0,14.0, Southampton,2
318,1,female,31.0,0,2,164.8667, Southampton,2
319,1,female,40.0,1,1,134.5, Cherbourg,0
320,0,male,22.0,0,0,7.25, Southampton,2
321,0,male,27.0,0,0,7.8958, Southampton,2
322,1,female,30.0,0,0,12.35, Queenstown,1
323,1,female,22.0,1,1,29.0, Southampton,2
324,0,male,29.69911764705882,8,2,69.55, Southampton,2
325,1,female,36.0,0,0,135.6333, Cherbourg,0
326,0,male,61.0,0,0,6.2375, Southampton,2
327,1,female,36.0,0,0,13.0, Southampton,2
328,1,female,31.0,1,1,20.525, Southampton,2
329,1,female,16.0,0,1,57.9792, Cherbourg,0
330,1,female,29.69911764705882,2,0,23.25, Queenstown,1
331,0,male,45.5,0,0,28.5, Southampton,2
332,0,male,38.0,0,1,153.4625, Southampton,2
333,0,male,16.0,2,0,18.0, Southampton,2
334,1,female,29.69911764705882,1,0,133.65, Southampton,2
335,0,male,29.69911764705882,0,0,7.8958, Southampton,2
336,0,male,29.0,1,0,66.6, Southampton,2
337,1,female,41.0,0,0,134.5, Cherbourg,0
338,1,male,45.0,0,0,8.05, Southampton,2
339,0,male,45.0,0,0,35.5, Southampton,2
340,1,male,2.0,1,1,26.0, Southampton,2
341,1,female,24.0,3,2,263.0, Southampton,2
342,0,male,28.0,0,0,13.0, Southampton,2
343,0,male,25.0,0,0,13.0, Southampton,2
344,0,male,36.0,0,0,13.0, Southampton,2
345,1,female,24.0,0,0,13.0, Southampton,2
346,1,female,40.0,0,0,13.0, Southampton,2
347,1,female,29.69911764705882,1,0,16.1, Southampton,2
348,1,male,3.0,1,1,15.9, Southampton,2
349,0,male,42.0,0,0,8.6625, Southampton,2
350,0,male,23.0,0,0,9.225, Southampton,2
351,0,male,29.69911764705882,0,0,35.0, Southampton,2
352,0,male,15.0,1,1,7.2292, Cherbourg,0
353,0,male,25.0,1,0,17.8, Southampton,2
354,0,male,29.69911764705882,0,0,7.225, Cherbourg,0
355,0,male,28.0,0,0,9.5, Southampton,2
356,1,female,22.0,0,1,55.0, Southampton,2
357,0,female,38.0,0,0,13.0, Southampton,2
358,1,female,29.69911764705882,0,0,7.8792, Queenstown,1
359,1,female,29.69911764705882,0,0,7.8792, Queenstown,1
360,0,male,40.0,1,4,27.9, Southampton,2
361,0,male,29.0,1,0,27.7208, Cherbourg,0
362,0,female,45.0,0,1,14.4542, Cherbourg,0
363,0,male,35.0,0,0,7.05, Southampton,2
364,0,male,29.69911764705882,1,0,15.5, Queenstown,1
365,0,male,30.0,0,0,7.25, Southampton,2
366,1,female,60.0,1,0,75.25, Cherbourg,0
367,1,female,29.69911764705882,0,0,7.2292, Cherbourg,0
368,1,female,29.69911764705882,0,0,7.75, Queenstown,1
369,1,female,24.0,0,0,69.3, Cherbourg,0
370,1,male,25.0,1,0,55.4417, Cherbourg,0
371,0,male,18.0,1,0,6.4958, Southampton,2
372,0,male,19.0,0,0,8.05, Southampton,2
373,0,male,22.0,0,0,135.6333, Cherbourg,0
374,0,female,3.0,3,1,21.075, Southampton,2
375,1,female,29.69911764705882,1,0,82.1708, Cherbourg,0
376,1,female,22.0,0,0,7.25, Southampton,2
377,0,male,27.0,0,2,211.5, Cherbourg,0
378,0,male,20.0,0,0,4.0125, Cherbourg,0
379,0,male,19.0,0,0,7.775, Southampton,2
380,1,female,42.0,0,0,227.525, Cherbourg,0
381,1,female,1.0,0,2,15.7417, Cherbourg,0
382,0,male,32.0,0,0,7.925, Southampton,2
383,1,female,35.0,1,0,52.0, Southampton,2
384,0,male,29.69911764705882,0,0,7.8958, Southampton,2
385,0,male,18.0,0,0,73.5, Southampton,2
386,0,male,1.0,5,2,46.9, Southampton,2
387,1,female,36.0,0,0,13.0, Southampton,2
388,0,male,29.69911764705882,0,0,7.7292, Queenstown,1
389,1,female,17.0,0,0,12.0, Cherbourg,0
390,1,male,36.0,1,2,120.0, Southampton,2
391,1,male,21.0,0,0,7.7958, Southampton,2
392,0,male,28.0,2,0,7.925, Southampton,2
393,1,female,23.0,1,0,113.275, Cherbourg,0
394,1,female,24.0,0,2,16.7, Southampton,2
395,0,male,22.0,0,0,7.7958, Southampton,2
396,0,female,31.0,0,0,7.8542, Southampton,2
397,0,male,46.0,0,0,26.0, Southampton,2
398,0,male,23.0,0,0,10.5, Southampton,2
399,1,female,28.0,0,0,12.65, Southampton,2
400,1,male,39.0,0,0,7.925, Southampton,2
401,0,male,26.0,0,0,8.05, Southampton,2
402,0,female,21.0,1,0,9.825, Southampton,2
403,0,male,28.0,1,0,15.85, Southampton,2
404,0,female,20.0,0,0,8.6625, Southampton,2
405,0,male,34.0,1,0,21.0, Southampton,2
406,0,male,51.0,0,0,7.75, Southampton,2
407,1,male,3.0,1,1,18.75, Southampton,2
408,0,male,21.0,0,0,7.775, Southampton,2
409,0,female,29.69911764705882,3,1,25.4667, Southampton,2
410,0,male,29.69911764705882,0,0,7.8958, Southampton,2
411,0,male,29.69911764705882,0,0,6.8583, Queenstown,1
412,1,female,33.0,1,0,90.0, Queenstown,1
413,0,male,29.69911764705882,0,0,0.0, Southampton,2
414,1,male,44.0,0,0,7.925, Southampton,2
415,0,female,29.69911764705882,0,0,8.05, Southampton,2
416,1,female,34.0,1,1,32.5, Southampton,2
417,1,female,18.0,0,2,13.0, Southampton,2
418,0,male,30.0,0,0,13.0, Southampton,2
419,0,female,10.0,0,2,24.15, Southampton,2
420,0,male,29.69911764705882,0,0,7.8958, Cherbourg,0
421,0,male,21.0,0,0,7.7333, Queenstown,1
422,0,male,29.0,0,0,7.875, Southampton,2
423,0,female,28.0,1,1,14.4, Southampton,2
424,0,male,18.0,1,1,20.2125, Southampton,2
425,0,male,29.69911764705882,0,0,7.25, Southampton,2
426,1,female,28.0,1,0,26.0, Southampton,2
427,1,female,19.0,0,0,26.0, Southampton,2
428,0,male,29.69911764705882,0,0,7.75, Queenstown,1
429,1,male,32.0,0,0,8.05, Southampton,2
430,1,male,28.0,0,0,26.55, Southampton,2
431,1,female,29.69911764705882,1,0,16.1, Southampton,2
432,1,female,42.0,1,0,26.0, Southampton,2
433,0,male,17.0,0,0,7.125, Southampton,2
434,0,male,50.0,1,0,55.9, Southampton,2
435,1,female,14.0,1,2,120.0, Southampton,2
436,0,female,21.0,2,2,34.375, Southampton,2
437,1,female,24.0,2,3,18.75, Southampton,2
438,0,male,64.0,1,4,263.0, Southampton,2
439,0,male,31.0,0,0,10.5, Southampton,2
440,1,female,45.0,1,1,26.25, Southampton,2
441,0,male,20.0,0,0,9.5, Southampton,2
442,0,male,25.0,1,0,7.775, Southampton,2
443,1,female,28.0,0,0,13.0, Southampton,2
444,1,male,29.69911764705882,0,0,8.1125, Southampton,2
445,1,male,4.0,0,2,81.8583, Southampton,2
446,1,female,13.0,0,1,19.5, Southampton,2
447,1,male,34.0,0,0,26.55, Southampton,2
448,1,female,5.0,2,1,19.2583, Cherbourg,0
449,1,male,52.0,0,0,30.5, Southampton,2
450,0,male,36.0,1,2,27.75, Southampton,2
451,0,male,29.69911764705882,1,0,19.9667, Southampton,2
452,0,male,30.0,0,0,27.75, Cherbourg,0
453,1,male,49.0,1,0,89.1042, Cherbourg,0
454,0,male,29.69911764705882,0,0,8.05, Southampton,2
455,1,male,29.0,0,0,7.8958, Cherbourg,0
456,0,male,65.0,0,0,26.55, Southampton,2
457,1,female,29.69911764705882,1,0,51.8625, Southampton,2
458,1,female,50.0,0,0,10.5, Southampton,2
459,0,male,29.69911764705882,0,0,7.75, Queenstown,1
460,1,male,48.0,0,0,26.55, Southampton,2
461,0,male,34.0,0,0,8.05, Southampton,2
462,0,male,47.0,0,0,38.5, Southampton,2
463,0,male,48.0,0,0,13.0, Southampton,2
464,0,male,29.69911764705882,0,0,8.05, Southampton,2
465,0,male,38.0,0,0,7.05, Southampton,2
466,0,male,29.69911764705882,0,0,0.0, Southampton,2
467,0,male,56.0,0,0,26.55, Southampton,2
468,0,male,29.69911764705882,0,0,7.725, Queenstown,1
469,1,female,0.75,2,1,19.2583, Cherbourg,0
470,0,male,29.69911764705882,0,0,7.25, Southampton,2
471,0,male,38.0,0,0,8.6625, Southampton,2
472,1,female,33.0,1,2,27.75, Southampton,2
473,1,female,23.0,0,0,13.7917, Cherbourg,0
474,0,female,22.0,0,0,9.8375, Southampton,2
475,0,male,29.69911764705882,0,0,52.0, Southampton,2
476,0,male,34.0,1,0,21.0, Southampton,2
477,0,male,29.0,1,0,7.0458, Southampton,2
478,0,male,22.0,0,0,7.5208, Southampton,2
479,1,female,2.0,0,1,12.2875, Southampton,2
480,0,male,9.0,5,2,46.9, Southampton,2
481,0,male,29.69911764705882,0,0,0.0, Southampton,2
482,0,male,50.0,0,0,8.05, Southampton,2
483,1,female,63.0,0,0,9.5875, Southampton,2
484,1,male,25.0,1,0,91.0792, Cherbourg,0
485,0,female,29.69911764705882,3,1,25.4667, Southampton,2
486,1,female,35.0,1,0,90.0, Southampton,2
487,0,male,58.0,0,0,29.7, Cherbourg,0
488,0,male,30.0,0,0,8.05, Southampton,2
489,1,male,9.0,1,1,15.9, Southampton,2
490,0,male,29.69911764705882,1,0,19.9667, Southampton,2
491,0,male,21.0,0,0,7.25, Southampton,2
492,0,male,55.0,0,0,30.5, Southampton,2
493,0,male,71.0,0,0,49.5042, Cherbourg,0
494,0,male,21.0,0,0,8.05, Southampton,2
495,0,male,29.69911764705882,0,0,14.4583, Cherbourg,0
496,1,female,54.0,1,0,78.2667, Cherbourg,0
497,0,male,29.69911764705882,0,0,15.1, Southampton,2
498,0,female,25.0,1,2,151.55, Southampton,2
499,0,male,24.0,0,0,7.7958, Southampton,2
500,0,male,17.0,0,0,8.6625, Southampton,2
501,0,female,21.0,0,0,7.75, Queenstown,1
502,0,female,29.69911764705882,0,0,7.6292, Queenstown,1
503,0,female,37.0,0,0,9.5875, Southampton,2
504,1,female,16.0,0,0,86.5, Southampton,2
505,0,male,18.0,1,0,108.9, Cherbourg,0
506,1,female,33.0,0,2,26.0, Southampton,2
507,1,male,29.69911764705882,0,0,26.55, Southampton,2
508,0,male,28.0,0,0,22.525, Southampton,2
509,1,male,26.0,0,0,56.4958, Southampton,2
510,1,male,29.0,0,0,7.75, Queenstown,1
511,0,male,29.69911764705882,0,0,8.05, Southampton,2
512,1,male,36.0,0,0,26.2875, Southampton,2
513,1,female,54.0,1,0,59.4, Cherbourg,0
514,0,male,24.0,0,0,7.4958, Southampton,2
515,0,male,47.0,0,0,34.0208, Southampton,2
516,1,female,34.0,0,0,10.5, Southampton,2
517,0,male,29.69911764705882,0,0,24.15, Queenstown,1
518,1,female,36.0,1,0,26.0, Southampton,2
519,0,male,32.0,0,0,7.8958, Southampton,2
520,1,female,30.0,0,0,93.5, Southampton,2
521,0,male,22.0,0,0,7.8958, Southampton,2
522,0,male,29.69911764705882,0,0,7.225, Cherbourg,0
523,1,female,44.0,0,1,57.9792, Cherbourg,0
524,0,male,29.69911764705882,0,0,7.2292, Cherbourg,0
525,0,male,40.5,0,0,7.75, Queenstown,1
526,1,female,50.0,0,0,10.5, Southampton,2
527,0,male,29.69911764705882,0,0,221.7792, Southampton,2
528,0,male,39.0,0,0,7.925, Southampton,2
529,0,male,23.0,2,1,11.5, Southampton,2
530,1,female,2.0,1,1,26.0, Southampton,2
531,0,male,29.69911764705882,0,0,7.2292, Cherbourg,0
532,0,male,17.0,1,1,7.2292, Cherbourg,0
533,1,female,29.69911764705882,0,2,22.3583, Cherbourg,0
534,0,female,30.0,0,0,8.6625, Southampton,2
535,1,female,7.0,0,2,26.25, Southampton,2
536,0,male,45.0,0,0,26.55, Southampton,2
537,1,female,30.0,0,0,106.425, Cherbourg,0
538,0,male,29.69911764705882,0,0,14.5, Southampton,2
539,1,female,22.0,0,2,49.5, Cherbourg,0
540,1,female,36.0,0,2,71.0, Southampton,2
541,0,female,9.0,4,2,31.275, Southampton,2
542,0,female,11.0,4,2,31.275, Southampton,2
543,1,male,32.0,1,0,26.0, Southampton,2
544,0,male,50.0,1,0,106.425, Cherbourg,0
545,0,male,64.0,0,0,26.0, Southampton,2
546,1,female,19.0,1,0,26.0, Southampton,2
547,1,male,29.69911764705882,0,0,13.8625, Cherbourg,0
548,0,male,33.0,1,1,20.525, Southampton,2
549,1,male,8.0,1,1,36.75, Southampton,2
550,1,male,17.0,0,2,110.8833, Cherbourg,0
551,0,male,27.0,0,0,26.0, Southampton,2
552,0,male,29.69911764705882,0,0,7.8292, Queenstown,1
553,1,male,22.0,0,0,7.225, Cherbourg,0
554,1,female,22.0,0,0,7.775, Southampton,2
555,0,male,62.0,0,0,26.55, Southampton,2
556,1,female,48.0,1,0,39.6, Cherbourg,0
557,0,male,29.69911764705882,0,0,227.525, Cherbourg,0
558,1,female,39.0,1,1,79.65, Southampton,2
559,1,female,36.0,1,0,17.4, Southampton,2
560,0,male,29.69911764705882,0,0,7.75, Queenstown,1
561,0,male,40.0,0,0,7.8958, Southampton,2
562,0,male,28.0,0,0,13.5, Southampton,2
563,0,male,29.69911764705882,0,0,8.05, Southampton,2
564,0,female,29.69911764705882,0,0,8.05, Southampton,2
565,0,male,24.0,2,0,24.15, Southampton,2
566,0,male,19.0,0,0,7.8958, Southampton,2
567,0,female,29.0,0,4,21.075, Southampton,2
568,0,male,29.69911764705882,0,0,7.2292, Cherbourg,0
569,1,male,32.0,0,0,7.8542, Southampton,2
570,1,male,62.0,0,0,10.5, Southampton,2
571,1,female,53.0,2,0,51.4792, Southampton,2
572,1,male,36.0,0,0,26.3875, Southampton,2
573,1,female,29.69911764705882,0,0,7.75, Queenstown,1
574,0,male,16.0,0,0,8.05, Southampton,2
575,0,male,19.0,0,0,14.5, Southampton,2
576,1,female,34.0,0,0,13.0, Southampton,2
577,1,female,39.0,1,0,55.9, Southampton,2
578,0,female,29.69911764705882,1,0,14.4583, Cherbourg,0
579,1,male,32.0,0,0,7.925, Southampton,2
580,1,female,25.0,1,1,30.0, Southampton,2
581,1,female,39.0,1,1,110.8833, Cherbourg,0
582,0,male,54.0,0,0,26.0, Southampton,2
583,0,male,36.0,0,0,40.125, Cherbourg,0
584,0,male,29.69911764705882,0,0,8.7125, Cherbourg,0
585,1,female,18.0,0,2,79.65, Southampton,2
586,0,male,47.0,0,0,15.0, Southampton,2
587,1,male,60.0,1,1,79.2, Cherbourg,0
588,0,male,22.0,0,0,8.05, Southampton,2
589,0,male,29.69911764705882,0,0,8.05, Southampton,2
590,0,male,35.0,0,0,7.125, Southampton,2
591,1,female,52.0,1,0,78.2667, Cherbourg,0
592,0,male,47.0,0,0,7.25, Southampton,2
593,0,female,29.69911764705882,0,2,7.75, Queenstown,1
594,0,male,37.0,1,0,26.0, Southampton,2
595,0,male,36.0,1,1,24.15, Southampton,2
596,1,female,29.69911764705882,0,0,33.0, Southampton,2
597,0,male,49.0,0,0,0.0, Southampton,2
598,0,male,29.69911764705882,0,0,7.225, Cherbourg,0
599,1,male,49.0,1,0,56.9292, Cherbourg,0
600,1,female,24.0,2,1,27.0, Southampton,2
601,0,male,29.69911764705882,0,0,7.8958, Southampton,2
602,0,male,29.69911764705882,0,0,42.4, Southampton,2
603,0,male,44.0,0,0,8.05, Southampton,2
604,1,male,35.0,0,0,26.55, Cherbourg,0
605,0,male,36.0,1,0,15.55, Southampton,2
606,0,male,30.0,0,0,7.8958, Southampton,2
607,1,male,27.0,0,0,30.5, Southampton,2
608,1,female,22.0,1,2,41.5792, Cherbourg,0
609,1,female,40.0,0,0,153.4625, Southampton,2
610,0,female,39.0,1,5,31.275, Southampton,2
611,0,male,29.69911764705882,0,0,7.05, Southampton,2
612,1,female,29.69911764705882,1,0,15.5, Queenstown,1
613,0,male,29.69911764705882,0,0,7.75, Queenstown,1
614,0,male,35.0,0,0,8.05, Southampton,2
615,1,female,24.0,1,2,65.0, Southampton,2
616,0,male,34.0,1,1,14.4, Southampton,2
617,0,female,26.0,1,0,16.1, Southampton,2
618,1,female,4.0,2,1,39.0, Southampton,2
619,0,male,26.0,0,0,10.5, Southampton,2
620,0,male,27.0,1,0,14.4542, Cherbourg,0
621,1,male,42.0,1,0,52.5542, Southampton,2
622,1,male,20.0,1,1,15.7417, Cherbourg,0
623,0,male,21.0,0,0,7.8542, Southampton,2
624,0,male,21.0,0,0,16.1, Southampton,2
625,0,male,61.0,0,0,32.3208, Southampton,2
626,0,male,57.0,0,0,12.35, Queenstown,1
627,1,female,21.0,0,0,77.9583, Southampton,2
628,0,male,26.0,0,0,7.8958, Southampton,2
629,0,male,29.69911764705882,0,0,7.7333, Queenstown,1
630,1,male,80.0,0,0,30.0, Southampton,2
631,0,male,51.0,0,0,7.0542, Southampton,2
632,1,male,32.0,0,0,30.5, Cherbourg,0
633,0,male,29.69911764705882,0,0,0.0, Southampton,2
634,0,female,9.0,3,2,27.9, Southampton,2
635,1,female,28.0,0,0,13.0, Southampton,2
636,0,male,32.0,0,0,7.925, Southampton,2
637,0,male,31.0,1,1,26.25, Southampton,2
638,0,female,41.0,0,5,39.6875, Southampton,2
639,0,male,29.69911764705882,1,0,16.1, Southampton,2
640,0,male,20.0,0,0,7.8542, Southampton,2
641,1,female,24.0,0,0,69.3, Cherbourg,0
642,0,female,2.0,3,2,27.9, Southampton,2
643,1,male,29.69911764705882,0,0,56.4958, Southampton,2
644,1,female,0.75,2,1,19.2583, Cherbourg,0
645,1,male,48.0,1,0,76.7292, Cherbourg,0
646,0,male,19.0,0,0,7.8958, Southampton,2
647,1,male,56.0,0,0,35.5, Cherbourg,0
648,0,male,29.69911764705882,0,0,7.55, Southampton,2
649,1,female,23.0,0,0,7.55, Southampton,2
650,0,male,29.69911764705882,0,0,7.8958, Southampton,2
651,1,female,18.0,0,1,23.0, Southampton,2
652,0,male,21.0,0,0,8.4333, Southampton,2
653,1,female,29.69911764705882,0,0,7.8292, Queenstown,1
654,0,female,18.0,0,0,6.75, Queenstown,1
655,0,male,24.0,2,0,73.5, Southampton,2
656,0,male,29.69911764705882,0,0,7.8958, Southampton,2
657,0,female,32.0,1,1,15.5, Queenstown,1
658,0,male,23.0,0,0,13.0, Southampton,2
659,0,male,58.0,0,2,113.275, Cherbourg,0
660,1,male,50.0,2,0,133.65, Southampton,2
661,0,male,40.0,0,0,7.225, Cherbourg,0
662,0,male,47.0,0,0,25.5875, Southampton,2
663,0,male,36.0,0,0,7.4958, Southampton,2
664,1,male,20.0,1,0,7.925, Southampton,2
665,0,male,32.0,2,0,73.5, Southampton,2
666,0,male,25.0,0,0,13.0, Southampton,2
667,0,male,29.69911764705882,0,0,7.775, Southampton,2
668,0,male,43.0,0,0,8.05, Southampton,2
669,1,female,29.69911764705882,1,0,52.0, Southampton,2
670,1,female,40.0,1,1,39.0, Southampton,2
671,0,male,31.0,1,0,52.0, Southampton,2
672,0,male,70.0,0,0,10.5, Southampton,2
673,1,male,31.0,0,0,13.0, Southampton,2
674,0,male,29.69911764705882,0,0,0.0, Southampton,2
675,0,male,18.0,0,0,7.775, Southampton,2
676,0,male,24.5,0,0,8.05, Southampton,2
677,1,female,18.0,0,0,9.8417, Southampton,2
678,0,female,43.0,1,6,46.9, Southampton,2
679,1,male,36.0,0,1,512.3292, Cherbourg,0
680,0,female,29.69911764705882,0,0,8.1375, Queenstown,1
681,1,male,27.0,0,0,76.7292, Cherbourg,0
682,0,male,20.0,0,0,9.225, Southampton,2
683,0,male,14.0,5,2,46.9, Southampton,2
684,0,male,60.0,1,1,39.0, Southampton,2
685,0,male,25.0,1,2,41.5792, Cherbourg,0
686,0,male,14.0,4,1,39.6875, Southampton,2
687,0,male,19.0,0,0,10.1708, Southampton,2
688,0,male,18.0,0,0,7.7958, Southampton,2
689,1,female,15.0,0,1,211.3375, Southampton,2
690,1,male,31.0,1,0,57.0, Southampton,2
691,1,female,4.0,0,1,13.4167, Cherbourg,0
692,1,male,29.69911764705882,0,0,56.4958, Southampton,2
693,0,male,25.0,0,0,7.225, Cherbourg,0
694,0,male,60.0,0,0,26.55, Southampton,2
695,0,male,52.0,0,0,13.5, Southampton,2
696,0,male,44.0,0,0,8.05, Southampton,2
697,1,female,29.69911764705882,0,0,7.7333, Queenstown,1
698,0,male,49.0,1,1,110.8833, Cherbourg,0
699,0,male,42.0,0,0,7.65, Southampton,2
700,1,female,18.0,1,0,227.525, Cherbourg,0
701,1,male,35.0,0,0,26.2875, Southampton,2
702,0,female,18.0,0,1,14.4542, Cherbourg,0
703,0,male,25.0,0,0,7.7417, Queenstown,1
704,0,male,26.0,1,0,7.8542, Southampton,2
705,0,male,39.0,0,0,26.0, Southampton,2
706,1,female,45.0,0,0,13.5, Southampton,2
707,1,male,42.0,0,0,26.2875, Southampton,2
708,1,female,22.0,0,0,151.55, Southampton,2
709,1,male,29.69911764705882,1,1,15.2458, Cherbourg,0
710,1,female,24.0,0,0,49.5042, Cherbourg,0
711,0,male,29.69911764705882,0,0,26.55, Southampton,2
712,1,male,48.0,1,0,52.0, Southampton,2
713,0,male,29.0,0,0,9.4833, Southampton,2
714,0,male,52.0,0,0,13.0, Southampton,2
715,0,male,19.0,0,0,7.65, Southampton,2
716,1,female,38.0,0,0,227.525, Cherbourg,0
717,1,female,27.0,0,0,10.5, Southampton,2
718,0,male,29.69911764705882,0,0,15.5, Queenstown,1
719,0,male,33.0,0,0,7.775, Southampton,2
720,1,female,6.0,0,1,33.0, Southampton,2
721,0,male,17.0,1,0,7.0542, Southampton,2
722,0,male,34.0,0,0,13.0, Southampton,2
723,0,male,50.0,0,0,13.0, Southampton,2
724,1,male,27.0,1,0,53.1, Southampton,2
725,0,male,20.0,0,0,8.6625, Southampton,2
726,1,female,30.0,3,0,21.0, Southampton,2
727,1,female,29.69911764705882,0,0,7.7375, Queenstown,1
728,0,male,25.0,1,0,26.0, Southampton,2
729,0,female,25.0,1,0,7.925, Southampton,2
730,1,female,29.0,0,0,211.3375, Southampton,2
731,0,male,11.0,0,0,18.7875, Cherbourg,0
732,0,male,29.69911764705882,0,0,0.0, Southampton,2
733,0,male,23.0,0,0,13.0, Southampton,2
734,0,male,23.0,0,0,13.0, Southampton,2
735,0,male,28.5,0,0,16.1, Southampton,2
736,0,female,48.0,1,3,34.375, Southampton,2
737,1,male,35.0,0,0,512.3292, Cherbourg,0
738,0,male,29.69911764705882,0,0,7.8958, Southampton,2
739,0,male,29.69911764705882,0,0,7.8958, Southampton,2
740,1,male,29.69911764705882,0,0,30.0, Southampton,2
741,0,male,36.0,1,0,78.85, Southampton,2
742,1,female,21.0,2,2,262.375, Cherbourg,0
743,0,male,24.0,1,0,16.1, Southampton,2
744,1,male,31.0,0,0,7.925, Southampton,2
745,0,male,70.0,1,1,71.0, Southampton,2
746,0,male,16.0,1,1,20.25, Southampton,2
747,1,female,30.0,0,0,13.0, Southampton,2
748,0,male,19.0,1,0,53.1, Southampton,2
749,0,male,31.0,0,0,7.75, Queenstown,1
750,1,female,4.0,1,1,23.0, Southampton,2
751,1,male,6.0,0,1,12.475, Southampton,2
752,0,male,33.0,0,0,9.5, Southampton,2
753,0,male,23.0,0,0,7.8958, Southampton,2
754,1,female,48.0,1,2,65.0, Southampton,2
755,1,male,0.67,1,1,14.5, Southampton,2
756,0,male,28.0,0,0,7.7958, Southampton,2
757,0,male,18.0,0,0,11.5, Southampton,2
758,0,male,34.0,0,0,8.05, Southampton,2
759,1,female,33.0,0,0,86.5, Southampton,2
760,0,male,29.69911764705882,0,0,14.5, Southampton,2
761,0,male,41.0,0,0,7.125, Southampton,2
762,1,male,20.0,0,0,7.2292, Cherbourg,0
763,1,female,36.0,1,2,120.0, Southampton,2
764,0,male,16.0,0,0,7.775, Southampton,2
765,1,female,51.0,1,0,77.9583, Southampton,2
766,0,male,29.69911764705882,0,0,39.6, Cherbourg,0
767,0,female,30.5,0,0,7.75, Queenstown,1
768,0,male,29.69911764705882,1,0,24.15, Queenstown,1
769,0,male,32.0,0,0,8.3625, Southampton,2
770,0,male,24.0,0,0,9.5, Southampton,2
771,0,male,48.0,0,0,7.8542, Southampton,2
772,0,female,57.0,0,0,10.5, Southampton,2
773,0,male,29.69911764705882,0,0,7.225, Cherbourg,0
774,1,female,54.0,1,3,23.0, Southampton,2
775,0,male,18.0,0,0,7.75, Southampton,2
776,0,male,29.69911764705882,0,0,7.75, Queenstown,1
777,1,female,5.0,0,0,12.475, Southampton,2
778,0,male,29.69911764705882,0,0,7.7375, Queenstown,1
779,1,female,43.0,0,1,211.3375, Southampton,2
780,1,female,13.0,0,0,7.2292, Cherbourg,0
781,1,female,17.0,1,0,57.0, Southampton,2
782,0,male,29.0,0,0,30.0, Southampton,2
783,0,male,29.69911764705882,1,2,23.45, Southampton,2
784,0,male,25.0,0,0,7.05, Southampton,2
785,0,male,25.0,0,0,7.25, Southampton,2
786,1,female,18.0,0,0,7.4958, Southampton,2
787,0,male,8.0,4,1,29.125, Queenstown,1
788,1,male,1.0,1,2,20.575, Southampton,2
789,0,male,46.0,0,0,79.2, Cherbourg,0
790,0,male,29.69911764705882,0,0,7.75, Queenstown,1
791,0,male,16.0,0,0,26.0, Southampton,2
792,0,female,29.69911764705882,8,2,69.55, Southampton,2
793,0,male,29.69911764705882,0,0,30.6958, Cherbourg,0
794,0,male,25.0,0,0,7.8958, Southampton,2
795,0,male,39.0,0,0,13.0, Southampton,2
796,1,female,49.0,0,0,25.9292, Southampton,2
797,1,female,31.0,0,0,8.6833, Southampton,2
798,0,male,30.0,0,0,7.2292, Cherbourg,0
799,0,female,30.0,1,1,24.15, Southampton,2
800,0,male,34.0,0,0,13.0, Southampton,2
801,1,female,31.0,1,1,26.25, Southampton,2
802,1,male,11.0,1,2,120.0, Southampton,2
803,1,male,0.42,0,1,8.5167, Cherbourg,0
804,1,male,27.0,0,0,6.975, Southampton,2
805,0,male,31.0,0,0,7.775, Southampton,2
806,0,male,39.0,0,0,0.0, Southampton,2
807,0,female,18.0,0,0,7.775, Southampton,2
808,0,male,39.0,0,0,13.0, Southampton,2
809,1,female,33.0,1,0,53.1, Southampton,2
810,0,male,26.0,0,0,7.8875, Southampton,2
811,0,male,39.0,0,0,24.15, Southampton,2
812,0,male,35.0,0,0,10.5, Southampton,2
813,0,female,6.0,4,2,31.275, Southampton,2
814,0,male,30.5,0,0,8.05, Southampton,2
815,0,male,29.69911764705882,0,0,0.0, Southampton,2
816,0,female,23.0,0,0,7.925, Southampton,2
817,0,male,31.0,1,1,37.0042, Cherbourg,0
818,0,male,43.0,0,0,6.45, Southampton,2
819,0,male,10.0,3,2,27.9, Southampton,2
820,1,female,52.0,1,1,93.5, Southampton,2
821,1,male,27.0,0,0,8.6625, Southampton,2
822,0,male,38.0,0,0,0.0, Southampton,2
823,1,female,27.0,0,1,12.475, Southampton,2
824,0,male,2.0,4,1,39.6875, Southampton,2
825,0,male,29.69911764705882,0,0,6.95, Queenstown,1
826,0,male,29.69911764705882,0,0,56.4958, Southampton,2
827,1,male,1.0,0,2,37.0042, Cherbourg,0
828,1,male,29.69911764705882,0,0,7.75, Queenstown,1
830,1,female,15.0,1,0,14.4542, Cherbourg,0
831,1,male,0.83,1,1,18.75, Southampton,2
832,0,male,29.69911764705882,0,0,7.2292, Cherbourg,0
833,0,male,23.0,0,0,7.8542, Southampton,2
834,0,male,18.0,0,0,8.3, Southampton,2
835,1,female,39.0,1,1,83.1583, Cherbourg,0
836,0,male,21.0,0,0,8.6625, Southampton,2
837,0,male,29.69911764705882,0,0,8.05, Southampton,2
838,1,male,32.0,0,0,56.4958, Southampton,2
839,1,male,29.69911764705882,0,0,29.7, Cherbourg,0
840,0,male,20.0,0,0,7.925, Southampton,2
841,0,male,16.0,0,0,10.5, Southampton,2
842,1,female,30.0,0,0,31.0, Cherbourg,0
843,0,male,34.5,0,0,6.4375, Cherbourg,0
844,0,male,17.0,0,0,8.6625, Southampton,2
845,0,male,42.0,0,0,7.55, Southampton,2
846,0,male,29.69911764705882,8,2,69.55, Southampton,2
847,0,male,35.0,0,0,7.8958, Cherbourg,0
848,0,male,28.0,0,1,33.0, Southampton,2
849,1,female,29.69911764705882,1,0,89.1042, Cherbourg,0
850,0,male,4.0,4,2,31.275, Southampton,2
851,0,male,74.0,0,0,7.775, Southampton,2
852,0,female,9.0,1,1,15.2458, Cherbourg,0
853,1,female,16.0,0,1,39.4, Southampton,2
854,0,female,44.0,1,0,26.0, Southampton,2
855,1,female,18.0,0,1,9.35, Southampton,2
856,1,female,45.0,1,1,164.8667, Southampton,2
857,1,male,51.0,0,0,26.55, Southampton,2
858,1,female,24.0,0,3,19.2583, Cherbourg,0
859,0,male,29.69911764705882,0,0,7.2292, Cherbourg,0
860,0,male,41.0,2,0,14.1083, Southampton,2
861,0,male,21.0,1,0,11.5, Southampton,2
862,1,female,48.0,0,0,25.9292, Southampton,2
863,0,female,29.69911764705882,8,2,69.55, Southampton,2
864,0,male,24.0,0,0,13.0, Southampton,2
865,1,female,42.0,0,0,13.0, Southampton,2
866,1,female,27.0,1,0,13.8583, Cherbourg,0
867,0,male,31.0,0,0,50.4958, Southampton,2
868,0,male,29.69911764705882,0,0,9.5, Southampton,2
869,1,male,4.0,1,1,11.1333, Southampton,2
870,0,male,26.0,0,0,7.8958, Southampton,2
871,1,female,47.0,1,1,52.5542, Southampton,2
872,0,male,33.0,0,0,5.0, Southampton,2
873,0,male,47.0,0,0,9.0, Southampton,2
874,1,female,28.0,1,0,24.0, Cherbourg,0
875,1,female,15.0,0,0,7.225, Cherbourg,0
876,0,male,20.0,0,0,9.8458, Southampton,2
877,0,male,19.0,0,0,7.8958, Southampton,2
878,0,male,29.69911764705882,0,0,7.8958, Southampton,2
879,1,female,56.0,0,1,83.1583, Cherbourg,0
880,1,female,25.0,0,1,26.0, Southampton,2
881,0,male,33.0,0,0,7.8958, Southampton,2
882,0,female,22.0,0,0,10.5167, Southampton,2
883,0,male,28.0,0,0,10.5, Southampton,2
884,0,male,25.0,0,0,7.05, Southampton,2
885,0,female,39.0,0,5,29.125, Queenstown,1
886,0,male,27.0,0,0,13.0, Southampton,2
887,1,female,19.0,0,0,30.0, Southampton,2
888,0,female,29.69911764705882,1,2,23.45, Southampton,2
889,1,male,26.0,0,0,30.0, Cherbourg,0
890,0,male,32.0,0,0,7.75, Queenstown,1
